Row Labels,Sum of Test Score,Sum of Train Score
Cal Housing Aref,1,1
Earthquakes - Aref,0.845182724,0.849285477
Flights Aref,0.999817994,0.999853154
Space - Filis,0.714576962,1
Stock - Andy,0.092592,0.205761
Titanic Filis,0.802690583,0.982035928
WI Breast Cancer - Andy,0.972027,1
Grand Total,5.426887263,6.036935559